,coef,odds_ratio
Title_Mr,-0.86,0.423
Sex_male,-0.66,0.517
FamilyGroup_Grande,-0.339,0.712
Pclass_3,-0.331,0.718
AgeImp,-0.313,0.731
Embarked_S,-0.24,0.787
SibSp,-0.231,0.794
FamilySize,-0.194,0.824
Deck_U,-0.169,0.844
TicketGroup,-0.142,0.867
Deck_G,-0.131,0.878
Deck_C,-0.101,0.904
Parch,-0.075,0.928
Deck_A,-0.062,0.94
Title_Rare,-0.047,0.954
Deck_B,-0.038,0.963
AgeMissing,-0.032,0.969
Deck_F,0.037,1.038
Embarked_C,0.038,1.039
FamilyGroup_Solo,0.092,1.096
Title_Miss,0.1,1.105
Pclass_2,0.165,1.179
Pclass_1,0.166,1.181
Embarked_Q,0.202,1.223
Deck_D,0.212,1.236
IsChild,0.214,1.239
FamilyGroup_Chica,0.248,1.281
Deck_E,0.251,1.285
Title_Master,0.28,1.323
HasCabin,0.322,1.38
LogFare,0.465,1.591
Title_Mrs,0.527,1.694
Sex_female,0.66,1.934
